,機關名稱,子目名稱,"('期初轉入數', 106)","('期初轉入數', 107)","('期初轉入數', 108)","('支用數', 106)","('支用數', 107)","('支用數', 108)",106支用率,107支用率,108支用率
2,花蓮縣光復鄉光復國民小學,應付代收款-其他-其他款項,39058.0,7544.0,7544.0,31514.0,0.0,0.0,0.8068513492754366,0.0,0.0
71,花蓮縣光復鄉光復國民小學,應付代收款－代收代付－各項活動經費,14643.0,14643.0,14643.0,0.0,0.0,0.0,0.0,0.0,0.0
73,花蓮縣光復鄉光復國民小學,應付代收款－代收代付－員生消費合作社分配金,0.0,312.0,455.0,600.0,0.0,0.0,inf,0.0,0.0
84,花蓮縣光復鄉光復國民小學,應付代收款－其他－資源回收,11402.0,13562.0,13562.0,0.0,0.0,0.0,0.0,0.0,0.0
86,花蓮縣光復鄉光復國民小學,應付代收款－午餐專戶－利息款,1540.0,1605.0,1653.0,0.0,0.0,0.0,0.0,0.0,0.0
107,花蓮縣光復鄉大興國民小學,應付代收款-學生繳費-學生平安保險費,1446.0,1446.0,1446.0,0.0,0.0,0.0,0.0,0.0,0.0
212,花蓮縣光復鄉大進國民小學,應付代收款-其他-資源回收,8455.0,12702.0,15731.0,0.0,0.0,0.0,0.0,0.0,0.0
306,花蓮縣光復鄉太巴塱國民小學,應付代收款-其他政府機關委託補助(氣象局),38400.0,48000.0,57600.0,0.0,0.0,0.0,0.0,0.0,0.0
315,花蓮縣光復鄉太巴塱國民小學,應付代收款-學生繳費-學員保證金,1400.0,1400.0,1400.0,0.0,0.0,0.0,0.0,0.0,0.0
316,花蓮縣光復鄉太巴塱國民小學,應付代收款-學生繳費-學生活動費,834.0,834.0,7164.0,0.0,0.0,0.0,0.0,0.0,0.0
317,花蓮縣光復鄉太巴塱國民小學,應付代收款-學生繳費-平安保險費,635.0,635.0,635.0,0.0,0.0,0.0,0.0,0.0,0.0
324,花蓮縣光復鄉太巴塱國民小學,應付代收款-學生繳費-班級費,2971.0,2971.0,2971.0,0.0,0.0,0.0,0.0,0.0,0.0
325,花蓮縣光復鄉太巴塱國民小學,應付代收款-學生繳費-電腦維護費,4094.0,4094.0,4094.0,0.0,0.0,0.0,0.0,0.0,0.0
414,花蓮縣卓溪鄉卓楓國民小學,應付代收款--其他-教教科書款,144.0,144.0,144.0,0.0,0.0,0.0,0.0,0.0,0.0
416,花蓮縣卓溪鄉卓楓國民小學,應付代收款--其他-校長交接典禮禮金,903.0,903.0,903.0,0.0,0.0,0.0,0.0,0.0,0.0
420,花蓮縣卓溪鄉卓楓國民小學,應付代收款--其他-運動會禮金,2980.0,2980.0,2980.0,0.0,0.0,0.0,0.0,0.0,0.0
443,花蓮縣卓溪鄉卓楓國民小學,應付代收款-其他政府機關委託補助-文化局展演經費,17880.0,17880.0,17880.0,0.0,0.0,0.0,0.0,0.0,0.0
444,花蓮縣卓溪鄉卓楓國民小學,應付代收款-其他政府機關委託補助-東華大學,3604.0,3604.0,3604.0,0.0,0.0,0.0,0.0,0.0,0.0
448,花蓮縣卓溪鄉卓楓國民小學,應付代收款-午餐專戶-行政費,26.0,27.0,27.0,0.0,0.0,0.0,0.0,0.0,0.0
483,花蓮縣卓溪鄉卓樂國民小學,應付代收款-其他-全國布農族運動會,5000.0,5000.0,5000.0,0.0,0.0,0.0,0.0,0.0,0.0
486,花蓮縣卓溪鄉卓樂國民小學,應付代收款-其他-合作社公積金,3238.0,3238.0,3238.0,0.0,0.0,0.0,0.0,0.0,0.0
488,花蓮縣卓溪鄉卓樂國民小學,應付代收款-其他-資源回收金,2447.0,2787.0,2787.0,0.0,0.0,0.0,0.0,0.0,0.0
535,花蓮縣卓溪鄉卓清國民小學,應付代收款-其他-102年卓溪鄉射耳祭展演經費,4219.0,4219.0,4219.0,0.0,0.0,0.0,0.0,0.0,0.0
543,花蓮縣卓溪鄉卓清國民小學,應付代收款-其他-回收乾電池經費,4068.0,4367.0,4367.0,0.0,0.0,0.0,0.0,0.0,0.0
544,花蓮縣卓溪鄉卓清國民小學,應付代收款-其他-場地及器材租用金暫存,0.0,10050.0,15050.0,0.0,0.0,0.0,0.0,0.0,0.0
549,花蓮縣卓溪鄉卓清國民小學,應付代收款-其他-資源回收,4659.0,12034.0,12747.0,2129.0,0.0,0.0,0.45696501395149175,0.0,0.0
668,花蓮縣卓溪鄉古風國民小學,應付代收款-其他政府機關委託補助-交通部中央氣象局-電源補助款,8440.0,6040.0,9640.0,6000.0,0.0,0.0,0.7109004739336493,0.0,0.0
731,花蓮縣卓溪鄉太平國民小學,應付代收款-午餐專戶-歷年結餘款,27403.0,6.0,13.0,27418.0,0.0,0.0,1.0005473853227749,0.0,0.0
831,花蓮縣卓溪鄉立山國民小學,應付代收款-其他-展演費,464.0,464.0,464.0,0.0,0.0,0.0,0.0,0.0,0.0
836,花蓮縣卓溪鄉立山國民小學,應付代收款-其他-自繳文康活動費,130.0,130.0,130.0,0.0,0.0,0.0,0.0,0.0,0.0
851,花蓮縣卓溪鄉立山國民小學,應付代收款-午餐專戶-行政費,375.0,65.0,123.0,375.0,0.0,0.0,1.0,0.0,0.0
852,花蓮縣卓溪鄉立山國民小學,應付代收款-學生繳費-學生活動費,5062.0,879.0,879.0,4183.0,0.0,0.0,0.8263532200711181,0.0,0.0
943,花蓮縣吉安鄉光華國民小學,應付代收款-代收代付-世界展望會補助,13500.0,13500.0,13500.0,0.0,0.0,0.0,0.0,0.0,0.0
949,花蓮縣吉安鄉光華國民小學,應付代收款-代收代付-公教貸款,1306.0,1306.0,1306.0,0.0,0.0,0.0,0.0,0.0,0.0
970,花蓮縣吉安鄉光華國民小學,應付代收款-學生繳費-學生平安保險費,1174.0,1174.0,1174.0,0.0,0.0,0.0,0.0,0.0,0.0
974,花蓮縣吉安鄉光華國民小學,應付代收款-學生繳費-教科書書籍費,490.0,1120.0,1120.0,0.0,0.0,0.0,0.0,0.0,0.0
976,花蓮縣吉安鄉光華國民小學,應付代收款-學生繳費-班級費,7614.0,7614.0,7614.0,0.0,0.0,0.0,0.0,0.0,0.0
995,花蓮縣吉安鄉化仁國民小學,其他-考試報名費,3600.0,3600.0,3600.0,0.0,0.0,0.0,0.0,0.0,0.0
1011,花蓮縣吉安鄉化仁國民小學,學生繳費-學生活動費,60.0,60.0,60.0,4860.0,0.0,0.0,81.0,0.0,0.0
1014,花蓮縣吉安鄉化仁國民小學,學生繳費-游泳教學費,20231.0,20231.0,20231.0,0.0,0.0,0.0,0.0,0.0,0.0
1015,花蓮縣吉安鄉化仁國民小學,學生繳費-班級費,198.0,198.0,198.0,0.0,0.0,0.0,0.0,0.0,0.0
1094,花蓮縣吉安鄉北昌國民小學,應付代收款-其他政府機關委託補助-公共藝術獎勵經費,4610.0,4610.0,4610.0,0.0,0.0,0.0,0.0,0.0,0.0
1198,花蓮縣吉安鄉南華國民小學,應付代收款-其他-中央氣象局補助電費-,3600.0,7200.0,10800.0,0.0,0.0,0.0,0.0,0.0,0.0
1216,花蓮縣吉安鄉南華國民小學,應付代收款-其他-資源回收,0.0,3793.0,6388.0,0.0,0.0,0.0,0.0,0.0,0.0
1374,花蓮縣吉安鄉太昌國民小學,應付代收款-午餐專戶-午餐費,12012.0,2.0,2.0,12012.0,0.0,0.0,1.0,0.0,0.0
1435,花蓮縣吉安鄉太昌國民小學,教育部102年教學卓越獎佳作獎金轉入本校研究發展基金,2765.0,365.0,365.0,2400.0,0.0,0.0,0.8679927667269439,0.0,0.0
1446,花蓮縣吉安鄉宜昌國民小學,應付代收款-其他-孝親獎捐款,17500.0,17500.0,17500.0,0.0,0.0,0.0,0.0,0.0,0.0
1469,花蓮縣吉安鄉宜昌國民小學,應付代收款-其他-校務基金,22145.0,22145.0,22145.0,0.0,0.0,0.0,0.0,0.0,0.0
1495,花蓮縣吉安鄉宜昌國民小學,應付代收款-學生繳費-平安保險費,7968.0,7968.0,7968.0,0.0,0.0,0.0,0.0,0.0,0.0
1499,花蓮縣吉安鄉宜昌國民小學,應付代收款-學生繳費-教科書書籍費,1070.0,1070.0,1070.0,0.0,0.0,0.0,0.0,0.0,0.0
1597,花蓮縣吉安鄉稻香國民小學,應付代收款-其他-二信支存帳戶結清金,9365.0,9365.0,9365.0,0.0,0.0,0.0,0.0,0.0,0.0
1601,花蓮縣吉安鄉稻香國民小學,應付代收款-其他-圖書館,10000.0,10000.0,10000.0,0.0,0.0,0.0,0.0,0.0,0.0
1605,花蓮縣吉安鄉稻香國民小學,應付代收款-其他-寒冬送暖活動,11490.0,11490.0,11490.0,0.0,0.0,0.0,0.0,0.0,0.0
1606,花蓮縣吉安鄉稻香國民小學,應付代收款-其他-影印費,4705.0,4705.0,4705.0,0.0,0.0,0.0,0.0,0.0,0.0
1607,花蓮縣吉安鄉稻香國民小學,應付代收款-其他-氣象局補助經費,3600.0,7200.0,10800.0,0.0,0.0,0.0,0.0,0.0,0.0
1616,花蓮縣吉安鄉稻香國民小學,應付代收款-學生繳費-學生活動費,5630.0,5630.0,5630.0,0.0,0.0,0.0,0.0,0.0,0.0
1620,花蓮縣吉安鄉稻香國民小學,應付代收款-學生繳費-班級費,605.0,605.0,605.0,0.0,0.0,0.0,0.0,0.0,0.0
1622,花蓮縣吉安鄉稻香國民小學,應付代收款-學生繳費-社團經費,3754.0,3754.0,3754.0,0.0,0.0,0.0,0.0,0.0,0.0
1623,花蓮縣吉安鄉稻香國民小學,應付代收款-學生繳費-簿本費,62483.0,8863.0,8863.0,53620.0,0.0,0.0,0.8581534177296225,0.0,0.0
1624,花蓮縣吉安鄉稻香國民小學,應付代收款-學生繳費-電腦維護費,778.0,778.0,778.0,0.0,0.0,0.0,0.0,0.0,0.0
1756,花蓮縣壽豐鄉平和國民小學,應付代收款-其他-學生投稿登報獎勵金,45585.0,42935.0,42935.0,2650.0,0.0,0.0,0.05813315783700779,0.0,0.0
1762,花蓮縣壽豐鄉平和國民小學,應付代收款-其他-資源回收變買,14890.0,16945.0,19770.0,0.0,0.0,0.0,0.0,0.0,0.0
1817,花蓮縣壽豐鄉志學國民小學,應付代收款-其他-校務發展基金,129738.0,129738.0,129738.0,0.0,0.0,0.0,0.0,0.0,0.0
1818,花蓮縣壽豐鄉志學國民小學,應付代收款-其他-校園拾遺款,22417.0,22417.0,22417.0,0.0,0.0,0.0,0.0,0.0,0.0
1824,花蓮縣壽豐鄉志學國民小學,應付代收款-其他政府機關委託補助-氣象局電源補助款,0.0,3600.0,7200.0,0.0,0.0,0.0,0.0,0.0,0.0
1828,花蓮縣壽豐鄉志學國民小學,應付代收款-學生繳費-公務損害賠償費,810.0,854.0,854.0,0.0,0.0,0.0,0.0,0.0,0.0
1829,花蓮縣壽豐鄉志學國民小學,應付代收款-學生繳費-學生平安保險費,2636.0,2636.0,2636.0,0.0,0.0,0.0,0.0,0.0,0.0
1835,花蓮縣壽豐鄉志學國民小學,應付代收款-學生繳費-幼兒園-課後留園,18572.0,782.0,782.0,17790.0,0.0,0.0,0.9578936032737454,0.0,0.0
1881,花蓮縣壽豐鄉月眉國民小學,應付代收款-其他-聯合社社員交易分配金,0.0,864.0,1865.0,0.0,0.0,0.0,0.0,0.0,0.0
1915,花蓮縣壽豐鄉水璉國民小學,應付代收款-代收代付-代辦款,8850.0,8850.0,8850.0,0.0,0.0,0.0,0.0,0.0,0.0
1918,花蓮縣壽豐鄉水璉國民小學,應付代收款-代收代付-分攤水電費,7787.0,7787.0,7787.0,0.0,0.0,0.0,0.0,0.0,0.0
1926,花蓮縣壽豐鄉水璉國民小學,應付代收款-其他-台灣創意設計中心,3568.0,3568.0,3568.0,0.0,0.0,0.0,0.0,0.0,0.0
1932,花蓮縣壽豐鄉水璉國民小學,應付代收款-其他-柏泰園事業股份有限公司,10000.0,10000.0,10000.0,0.0,0.0,0.0,0.0,0.0,0.0
1936,花蓮縣壽豐鄉水璉國民小學,應付代收款-其他-花蓮縣水璉員生消費合作社,66.0,66.0,66.0,0.0,0.0,0.0,0.0,0.0,0.0
1942,花蓮縣壽豐鄉水璉國民小學,應付代收款-午餐專戶-行政費,2039.0,2818.0,3562.0,0.0,0.0,0.0,0.0,0.0,0.0
1943,花蓮縣壽豐鄉水璉國民小學,應付代收款-學生繳費-平安保險費,267.0,267.0,267.0,0.0,0.0,0.0,0.0,0.0,0.0
1949,花蓮縣壽豐鄉水璉國民小學,應付代收款-學生繳費-校外教學,5815.0,5815.0,5815.0,0.0,0.0,0.0,0.0,0.0,0.0
1951,花蓮縣壽豐鄉水璉國民小學,應付代收款-學生繳費-簿本費,160.0,160.0,160.0,0.0,0.0,0.0,0.0,0.0,0.0
1994,花蓮縣壽豐鄉溪口國民小學,應付代收款-午餐專戶-行政費,259.0,1.0,1.0,300.0,0.0,0.0,1.1583011583011582,0.0,0.0
2051,花蓮縣壽豐鄉豐山國民小學,應付代收款-其他政府機關委託補助-急難救助金,2222.0,2222.0,2222.0,0.0,0.0,0.0,0.0,0.0,0.0
2052,花蓮縣壽豐鄉豐山國民小學,應付代收款-其他政府機關委託補助-預繳學費,11610.0,32467.0,32467.0,0.0,0.0,0.0,0.0,0.0,0.0
2054,花蓮縣壽豐鄉豐山國民小學,應付代收款-午餐專戶-教職員工 午餐專戶,1840.0,1082.0,1099.0,758.0,0.0,0.0,0.41195652173913044,0.0,0.0
2064,花蓮縣壽豐鄉豐山國民小學,應付代收款-學生繳費-註冊代收款,20431.0,18691.0,18691.0,1740.0,0.0,0.0,0.08516470069991679,0.0,0.0
2068,花蓮縣壽豐鄉豐山國民小學,應付代收款-教育處委託補助--105 縣課輔第1期經費補助款,7648.0,6865.0,6865.0,783.0,0.0,0.0,0.10237970711297072,0.0,0.0
2107,花蓮縣壽豐鄉豐裡國民小學,應付代收款-代收代付,880.0,880.0,880.0,115051.0,0.0,0.0,130.73977272727274,0.0,0.0
2115,花蓮縣壽豐鄉豐裡國民小學,應付代收款-其他,3100.0,43112.0,47635.0,0.0,0.0,0.0,0.0,0.0,0.0
2118,花蓮縣壽豐鄉豐裡國民小學,應付代收款-其他-考試報名費,5000.0,5000.0,5000.0,0.0,0.0,0.0,0.0,0.0,0.0
2119,花蓮縣壽豐鄉豐裡國民小學,應付代收款-其他政府機關委託補助-,1740.0,1740.0,1740.0,0.0,0.0,0.0,0.0,0.0,0.0
2121,花蓮縣壽豐鄉豐裡國民小學,應付代收款-其他政府機關委託補助-壽豐鄉公所,13000.0,13000.0,13000.0,0.0,0.0,0.0,0.0,0.0,0.0
2123,花蓮縣壽豐鄉豐裡國民小學,應付代收款-其他政府機關委託補助-壽豐鄉公所-表演費,3779.0,3107.0,3107.0,100572.0,0.0,0.0,26.61338978565758,0.0,0.0
2126,花蓮縣壽豐鄉豐裡國民小學,應付代收款-午餐專戶-午餐行政費,34.0,34.0,34.0,0.0,0.0,0.0,0.0,0.0,0.0
2128,花蓮縣壽豐鄉豐裡國民小學,應付代收款-學生繳費-學生平安保險費,3060.0,3060.0,3060.0,11457.0,0.0,0.0,3.7441176470588236,0.0,0.0
2129,花蓮縣壽豐鄉豐裡國民小學,應付代收款-學生繳費-學生活動費,7400.0,7400.0,7400.0,0.0,0.0,0.0,0.0,0.0,0.0
2133,花蓮縣壽豐鄉豐裡國民小學,應付代收款-學生繳費-班級費,13270.0,13270.0,13270.0,0.0,0.0,0.0,0.0,0.0,0.0
2138,花蓮縣壽豐鄉豐裡國民小學,應付代收款-教育處委託補助-,6308.0,6308.0,6308.0,0.0,0.0,0.0,0.0,0.0,0.0
2172,花蓮縣壽豐鄉豐裡國民小學,應付代收款-新住民火炬計畫專戶-新住民火炬計畫經費,111.0,111.0,111.0,0.0,0.0,0.0,0.0,0.0,0.0
2194,花蓮縣富里鄉吳江國民小學,應付代收款-代收代付-其他,1311.0,2311.0,2311.0,127995.0,0.0,0.0,97.63157894736842,0.0,0.0
2201,花蓮縣富里鄉吳江國民小學,應付代收款-其他-代課鐘點費,6139.0,6139.0,6139.0,0.0,0.0,0.0,0.0,0.0,0.0
2237,花蓮縣富里鄉吳江國民小學,應付代收款-教育處委託補助-教師專業發展評鑑計畫,1650.0,1650.0,1650.0,0.0,0.0,0.0,0.0,0.0,0.0
2243,花蓮縣富里鄉學田國民小學,應付代收款-其他--水電費,0.0,15684.0,15684.0,0.0,0.0,0.0,0.0,0.0,0.0
2248,花蓮縣富里鄉學田國民小學,應付代收款-其他-資源回收,19997.0,22222.0,25932.0,0.0,0.0,0.0,0.0,0.0,0.0
2249,花蓮縣富里鄉學田國民小學,應付代收款-其他政府機關委託補助-交通大學-交通安全評鑑,0.0,1055.0,1055.0,945.0,0.0,0.0,inf,0.0,0.0
2254,花蓮縣富里鄉學田國民小學,應付代收款-午餐專戶-行政費,290.0,386.0,495.0,0.0,0.0,0.0,0.0,0.0,0.0
2270,花蓮縣富里鄉學田國民小學,應付代收款-教育處委託補助-史懷哲計畫,1000.0,1000.0,1000.0,0.0,0.0,0.0,0.0,0.0,0.0
2279,花蓮縣富里鄉學田國民小學,應付代收款-教育處委託補助-幼稚津貼補助,30840.0,30840.0,30840.0,0.0,0.0,0.0,0.0,0.0,0.0
2315,花蓮縣富里鄉富里國民小學,應付代收款-其他-其他,1126.0,1126.0,1126.0,0.0,0.0,0.0,0.0,0.0,0.0
2328,花蓮縣富里鄉富里國民小學,應付代收款-其他-郵局學生存款工作費,5846.0,7828.0,8727.0,0.0,0.0,0.0,0.0,0.0,0.0
2329,花蓮縣富里鄉富里國民小學,應付代收款-其他-電費自付款,0.0,300.0,750.0,0.0,0.0,0.0,0.0,0.0,0.0
2331,花蓮縣富里鄉富里國民小學,應付代收款-其他政府機關委託補助-105學年度永齡希望小學行政補助費,0.0,2000.0,2000.0,0.0,0.0,0.0,0.0,0.0,0.0
2333,花蓮縣富里鄉富里國民小學,應付代收款-其他政府機關委託補助-交通部中央氣象局,14400.0,18000.0,21600.0,0.0,0.0,0.0,0.0,0.0,0.0
2339,花蓮縣富里鄉富里國民小學,應付代收款-學生繳費-校外教學費,8217.0,14217.0,14217.0,30000.0,0.0,0.0,3.6509675063891933,0.0,0.0
2342,花蓮縣富里鄉富里國民小學,應付代收款-安慶新能源機械設備股份有限公司補助再生能源電能躉購款,10117.0,26101.0,38167.0,0.0,0.0,0.0,0.0,0.0,0.0
2343,花蓮縣富里鄉富里國民小學,應付代收款-教育處委託補助-101國教輔導團交通費,1478.0,1478.0,1478.0,0.0,0.0,0.0,0.0,0.0,0.0
2344,花蓮縣富里鄉富里國民小學,應付代收款-教育處委託補助-101年度以前代課費,14727.0,14727.0,14727.0,0.0,0.0,0.0,0.0,0.0,0.0
2345,花蓮縣富里鄉富里國民小學,應付代收款-教育處委託補助-101年度以前教科書款,3246.0,3246.0,3246.0,0.0,0.0,0.0,0.0,0.0,0.0
2398,花蓮縣富里鄉富里國民小學,應付代收款-教育處委託補助-繳不出學費補助款,6000.0,6000.0,6000.0,0.0,0.0,0.0,0.0,0.0,0.0
2415,花蓮縣富里鄉明里國民小學,應付代收款-其他-其他代收款,625.0,625.0,707.0,16090.0,0.0,0.0,25.744,0.0,0.0
2416,花蓮縣富里鄉明里國民小學,應付代收款-其他-推動校務發展經費,11150.0,10732.0,15732.0,520.0,0.0,0.0,0.04663677130044843,0.0,0.0
2417,花蓮縣富里鄉明里國民小學,應付代收款-其他-推動閱讀教學發展,3200.0,3200.0,3200.0,0.0,0.0,0.0,0.0,0.0,0.0
2420,花蓮縣富里鄉明里國民小學,應付代收款-其他-資源回收,0.0,4142.0,6358.0,0.0,0.0,0.0,0.0,0.0,0.0
2425,花蓮縣富里鄉明里國民小學,應付代收款-學生繳費-幼兒園註冊代收款,10872.0,380.0,380.0,51562.0,0.0,0.0,4.742641648270787,0.0,0.0
2472,花蓮縣富里鄉東竹國民小學,應付代收款-代收代付-雜項收入,20353.0,20353.0,20353.0,7299.0,0.0,0.0,0.3586203508082347,0.0,0.0
2477,花蓮縣富里鄉東竹國民小學,應付代收款-其他-資源回收,0.0,3169.0,5766.0,0.0,0.0,0.0,0.0,0.0,0.0
2479,花蓮縣富里鄉東竹國民小學,應付代收款-其他政府機關委託補助-史懷哲經費,0.0,1300.0,1300.0,2550.0,0.0,0.0,inf,0.0,0.0
2538,花蓮縣富里鄉東竹國民小學,應付代收款-逾期未兌現支票103年1月7日霍良雄102(上)5歲幼兒免學費補助,8300.0,8300.0,8300.0,0.0,0.0,0.0,0.0,0.0,0.0
2539,花蓮縣富里鄉東竹國民小學,應付代收款-逾期未兌現支票104年10月5日富翔汽車修配廠104年消防設備改善,10000.0,10000.0,10000.0,0.0,0.0,0.0,0.0,0.0,0.0
2562,花蓮縣富里鄉東里國民小學,應付代收款--其他-醒獅隊活動款,18280.0,18280.0,18280.0,0.0,0.0,0.0,0.0,0.0,0.0
2573,花蓮縣富里鄉東里國民小學,應付代收款-其他-各項活動經費,43045.0,43045.0,43045.0,5000.0,0.0,0.0,0.11615750958299453,0.0,0.0
2650,花蓮縣富里鄉永豐國民小學,應付代收-其他-106年度教育嘉年華聯合成果展,0.0,3000.0,3000.0,0.0,0.0,0.0,0.0,0.0,0.0
2664,花蓮縣富里鄉永豐國民小學,應付代收款-其他-合作社解散公積金(教學設備用),682.0,682.0,682.0,0.0,0.0,0.0,0.0,0.0,0.0
2665,花蓮縣富里鄉永豐國民小學,應付代收款-其他-合作社解散結餘款(教學設備用),272.0,272.0,1072.0,0.0,0.0,0.0,0.0,0.0,0.0
2667,花蓮縣富里鄉永豐國民小學,應付代收款-其他-場地使用費,1000.0,1000.0,1000.0,0.0,0.0,0.0,0.0,0.0,0.0
2670,花蓮縣富里鄉永豐國民小學,應付代收款-其他-校務推展基金(郵局酬金),8114.0,4878.0,5966.0,9339.0,0.0,0.0,1.1509736258318954,0.0,0.0
2674,花蓮縣富里鄉永豐國民小學,應付代收款-其他-資源回收基金,7616.0,9761.0,11786.0,0.0,0.0,0.0,0.0,0.0,0.0
2683,花蓮縣富里鄉永豐國民小學,應付代收款-學生繳費-學生平安保險費,158.0,158.0,158.0,0.0,0.0,0.0,0.0,0.0,0.0
2689,花蓮縣富里鄉永豐國民小學,應付代收款-學生繳費-校外教學,639.0,678.0,678.0,11511.0,0.0,0.0,18.014084507042252,0.0,0.0
2747,花蓮縣富里鄉萬寧國民小學,應付代收款-學生繳費-合作社結餘款,21807.0,21807.0,21915.0,0.0,0.0,0.0,0.0,0.0,0.0
2760,花蓮縣富里鄉萬寧國民小學,應付代收款-教育處委託補助-風雨教室工程款,265663.0,265663.0,265663.0,0.0,0.0,0.0,0.0,0.0,0.0
2798,花蓮縣政府教育處,應付代收款-其他-104年全運會代金賸餘款,27000.0,27000.0,27000.0,0.0,0.0,0.0,0.0,0.0,0.0
2811,花蓮縣政府教育處,應付代收款-教育部-100學年第2學期夜光天使專案各據點人力專業知能研習營,0.0,47396.0,47396.0,0.0,0.0,0.0,0.0,0.0,0.0
2814,花蓮縣政府教育處,應付代收款-教育部-104學年上學期中央課程與教學輔導諮詢教師團隊代理代課,51040.0,51040.0,51040.0,0.0,0.0,0.0,0.0,0.0,0.0
2817,花蓮縣政府教育處,應付代收款-教育部-104學年度國中學生生涯發展教育,74237.0,74237.0,74237.0,0.0,0.0,0.0,0.0,0.0,0.0
2819,花蓮縣政府教育處,應付代收款-教育部-104學年度辦理非營利幼兒園相關業務經費,41310.0,41310.0,41310.0,0.0,0.0,0.0,0.0,0.0,0.0
2822,花蓮縣政府教育處,應付代收款-教育部-104年全國語文競賽原住民族語演說參賽補助費,12240.0,12240.0,12240.0,0.0,0.0,0.0,0.0,0.0,0.0
2827,花蓮縣政府教育處,應付代收款-教育部-104年度國中小閱讀推動計畫-改善圖書館空間環境經費,1350000.0,43497.0,43497.0,1306503.0,0.0,0.0,0.96778,0.0,0.0
2828,花蓮縣政府教育處,應付代收款-教育部-104年度國民小學新住民親子共學方案試辦計畫,249.0,249.0,249.0,0.0,0.0,0.0,0.0,0.0,0.0
2829,花蓮縣政府教育處,應付代收款-教育部-104年度家庭親子共學母語計畫,0.0,8404.0,8404.0,0.0,0.0,0.0,0.0,0.0,0.0
2840,花蓮縣政府教育處,應付代收款-教育部-104年度鄉〈鎮、市〉立幼兒園改善教學環境設備經費,2159000.0,748760.0,748760.0,1410240.0,0.0,0.0,0.6531912922649374,0.0,0.0
2841,花蓮縣政府教育處,應付代收款-教育部-104年度鄉鎮市立幼兒園改善教學環境設備經費,814582.0,814582.0,814582.0,0.0,0.0,0.0,0.0,0.0,0.0
2842,花蓮縣政府教育處,應付代收款-教育部-104年教學基地學校建置與發展計畫經費,20898.0,20898.0,20898.0,0.0,0.0,0.0,0.0,0.0,0.0
2843,花蓮縣政府教育處,應付代收款-教育部-105學年下學期增置國中小圖書館閱讀推動教師實施計畫,0.0,39170.0,39170.0,1098000.0,0.0,0.0,inf,0.0,0.0
2852,花蓮縣政府教育處,應付代收款-教育部-105學年度增置國中小圖書館閱讀推動教師實施計畫經費,0.0,20760.0,20760.0,0.0,0.0,0.0,0.0,0.0,0.0
2853,花蓮縣政府教育處,應付代收款-教育部-105學年度引進外籍英語教師行政業務費,0.0,105403.0,187834.0,0.0,0.0,0.0,0.0,0.0,0.0
2854,花蓮縣政府教育處,應付代收款-教育部-105學年度推動國中小城鄉共學夥伴學校計畫,0.0,7841.0,7841.0,0.0,0.0,0.0,0.0,0.0,0.0
2861,花蓮縣政府教育處,應付代收款-教育部-105學年度第一期非營利幼兒園學費差額補助經費,5905204.0,43.0,43.0,11810364.0,0.0,0.0,1.9999925489449644,0.0,0.0
2862,花蓮縣政府教育處,應付代收款-教育部-105學年度辦理非營利幼兒園場地維護費,540000.0,13439.0,13439.0,526561.0,0.0,0.0,0.975112962962963,0.0,0.0
2863,花蓮縣政府教育處,應付代收款-教育部-105學年度辦理非營利幼兒園相關業務經費,151020.0,24070.0,24070.0,126950.0,0.0,0.0,0.8406171368030725,0.0,0.0
2868,花蓮縣政府教育處,應付代收款-教育部-105學年第2學期本土語言指導員經費,0.0,143336.0,143336.0,486664.0,0.0,0.0,inf,0.0,0.0
2875,花蓮縣政府教育處,應付代收款-教育部-105年度國民中學全民國防教育補充教材一般教師研習,1288.0,1288.0,1288.0,0.0,0.0,0.0,0.0,0.0,0.0
2890,花蓮縣政府教育處,應付代收款-教育部-105年度發展以學校為核心之社區創新創業計畫經費,0.0,21867.0,21867.0,0.0,0.0,0.0,0.0,0.0,0.0
2894,花蓮縣政府教育處,應付代收款-教育部-105年度補助國民中小學閱讀推動計畫經費,0.0,14441.0,14441.0,0.0,0.0,0.0,0.0,0.0,0.0
2910,花蓮縣政府教育處,應付代收款-教育部-106學年各縣市政府充實所轄國中小圖書館藏書量,0.0,2764153.0,2764153.0,0.0,0.0,0.0,0.0,0.0,0.0
2941,花蓮縣政府教育處,應付代收款-教育部-106年度國民中小學藝術與人文教學深耕計畫經費,0.0,48000.0,75150.0,3404000.0,0.0,0.0,inf,0.0,0.0
2973,花蓮縣政府教育處,應付代收款-教育部-106年補助地方政府試辦偏遠地區國中小數位英語學習教室計畫,0.0,22950.0,22950.0,642600.0,0.0,0.0,inf,0.0,0.0
2979,花蓮縣政府教育處,應付代收款-教育部-106年資訊教育推動細部計畫-知能培訓及科技融入創新教學模式,0.0,1250.0,1250.0,655750.0,0.0,0.0,inf,0.0,0.0
3011,花蓮縣政府教育處,應付代收款-教育部-新住民學習中心105年實施計畫,533500.0,533500.0,533500.0,0.0,0.0,0.0,0.0,0.0,0.0
3015,花蓮縣政府教育處,應付代收款-教育部-社區大學辦理原住民、身心障礙者之外藉等配偶修習非正規教育課程,0.0,4040.0,4040.0,0.0,0.0,0.0,0.0,0.0,0.0
3016,花蓮縣政府教育處,應付代收款-教育部-社區大學辦理原住民、身障等及臺灣設籍之配偶修習非正規教育課程,14900.0,14900.0,14900.0,0.0,0.0,0.0,0.0,0.0,0.0
3025,花蓮縣政府教育處,應付代收款-教育部-補助花蓮縣辦理105年數位機會中心營運計畫,3420500.0,52090.0,52090.0,3435868.0,0.0,0.0,1.0044929103932174,0.0,0.0
3026,花蓮縣政府教育處,應付代收款-教育部-試辦偏遠地區國中小數位英語學習教室計畫經費,957840.0,7352.0,7352.0,950488.0,0.0,0.0,0.9923243965589242,0.0,0.0
3077,花蓮縣政府教育處,應付代收款-教育部體育署-104學年度第7屆全國國民小學樂樂足球計畫,631792.0,631792.0,631792.0,0.0,0.0,0.0,0.0,0.0,0.0
3078,花蓮縣政府教育處,應付代收款-教育部體育署-105年運動i臺灣-運動城市推展案,13013.0,12440.0,12440.0,573.0,0.0,0.0,0.04403289018673634,0.0,0.0
3079,花蓮縣政府教育處,應付代收款-教育部體育署-105年運動i臺灣-運動知識擴增專案-縣市輔導作業原則,67201.0,69201.0,69201.0,0.0,0.0,0.0,0.0,0.0,0.0
3083,花蓮縣政府教育處,應付代收款-苗栗縣竹南鎮大埔國小-105年全國語文競賽原住民族語演說參賽補助費,42910.0,32031.0,32031.0,10879.0,0.0,0.0,0.2535306455371708,0.0,0.0
3096,花蓮縣新城鄉北埔國民小學,應付代收款-代收代付-學校其它代收款,143393.0,132553.0,132553.0,10840.0,0.0,0.0,0.0755964377619549,0.0,0.0
3124,花蓮縣新城鄉北埔國民小學,應付代收款-教育處委托補助-圖書館推動閱讀計畫,84000.0,64456.0,64456.0,55444.0,0.0,0.0,0.660047619047619,0.0,0.0
3158,花蓮縣新城鄉北埔國民小學,應付代收款-教育處委託補助-籃球隊基金,2692.0,2692.0,2692.0,0.0,0.0,0.0,0.0,0.0,0.0
3179,花蓮縣新城鄉嘉里國民小學,應付代收款-代收代付-加班費,520.0,520.0,520.0,0.0,0.0,0.0,0.0,0.0,0.0
3185,花蓮縣新城鄉嘉里國民小學,應付代收款-其他-公物損壞賠償金,370.0,370.0,370.0,6400.0,0.0,0.0,17.2972972972973,0.0,0.0
3187,花蓮縣新城鄉嘉里國民小學,應付代收款-其他-員生消費合作社聯台社,0.0,474.0,474.0,0.0,0.0,0.0,0.0,0.0,0.0
3190,花蓮縣新城鄉嘉里國民小學,應付代收款-其他政府機關委託補助-交通部中央氣象局,5580.0,5030.0,8630.0,4150.0,0.0,0.0,0.7437275985663082,0.0,0.0
3194,花蓮縣新城鄉嘉里國民小學,應付代收款-其他政府機關委託補助-花蓮縣新住民家庭服務中心,0.0,2000.0,8000.0,0.0,0.0,0.0,0.0,0.0,0.0
3201,花蓮縣新城鄉嘉里國民小學,應付代收款-學生繳費-平安保險費,152.0,152.0,152.0,0.0,0.0,0.0,0.0,0.0,0.0
3204,花蓮縣新城鄉嘉里國民小學,應付代收款-學生繳費-電腦設備維護費,90.0,90.0,90.0,0.0,0.0,0.0,0.0,0.0,0.0
3400,花蓮縣新城鄉新城國民小學,應收代付款-其他-社區健康促進經費,87995.0,87995.0,87995.0,0.0,0.0,0.0,0.0,0.0,0.0
3411,花蓮縣玉里鎮三民國民小學,應付代收款-代收代付-場地使用費,17839.0,11339.0,16439.0,6500.0,0.0,0.0,0.36437020012332527,0.0,0.0
3453,花蓮縣玉里鎮三民國民小學,應付代收款-教育處委託補助-課程科-104年資訊教育科技創新推廣計畫,23250.0,23250.0,23250.0,0.0,0.0,0.0,0.0,0.0,0.0
3478,花蓮縣玉里鎮中城國民小學,應付代收款-其他-資源回收,8.0,3249.0,3464.0,1695.0,0.0,0.0,211.875,0.0,0.0
3482,花蓮縣玉里鎮中城國民小學,應付代收款-其他政府機關委託補助-玉里鎮公所-揭牌表演費,2000.0,2000.0,2000.0,0.0,0.0,0.0,0.0,0.0,0.0
3484,花蓮縣玉里鎮中城國民小學,應付代收款-午餐專戶-教職員工午餐結餘款,34794.0,54.0,55.0,34868.0,0.0,0.0,1.002126803471863,0.0,0.0
3486,花蓮縣玉里鎮中城國民小學,應付代收款-學生繳費-口腔檢查費,2630.0,2630.0,2630.0,0.0,0.0,0.0,0.0,0.0,0.0
3487,花蓮縣玉里鎮中城國民小學,應付代收款-學生繳費-學生平安保險費,1723.0,1723.0,1723.0,0.0,0.0,0.0,0.0,0.0,0.0
3547,花蓮縣玉里鎮大禹國民小學,應付代收款-代收代付-學生急難救助慰問金,10000.0,20000.0,20000.0,0.0,0.0,0.0,0.0,0.0,0.0
3550,花蓮縣玉里鎮大禹國民小學,應付代收款-其他-合作社結餘款,1946.0,1946.0,1946.0,0.0,0.0,0.0,0.0,0.0,0.0
3551,花蓮縣玉里鎮大禹國民小學,應付代收款-其他-場地使用租借費,4200.0,4200.0,4200.0,0.0,0.0,0.0,0.0,0.0,0.0
3565,花蓮縣玉里鎮大禹國民小學,應付代收款-學生繳費-游泳池教學費,2838.0,2838.0,2838.0,0.0,0.0,0.0,0.0,0.0,0.0
3567,花蓮縣玉里鎮大禹國民小學,應付代收款-教育儲蓄戶-101年度教育儲蓄戶,100.0,100.0,100.0,0.0,0.0,0.0,0.0,0.0,0.0
3609,花蓮縣玉里鎮大禹國民小學,應付代收款-資源回收經費,596.0,596.0,596.0,0.0,0.0,0.0,0.0,0.0,0.0
3614,花蓮縣玉里鎮大禹國民小學,應收代收款-代收代付--卓越館設備裝設補助款,9150.0,9150.0,9150.0,0.0,0.0,0.0,0.0,0.0,0.0
3630,花蓮縣玉里鎮德武國民小學,應付代收款-午餐專戶-教職員工午餐費,11007.0,1.0,1.0,14789.0,0.0,0.0,1.3435995275733623,0.0,0.0
3675,花蓮縣玉里鎮春日國民小學,應付代收款-其他-全國客家日天穿活動表演費,3000.0,3000.0,3000.0,0.0,0.0,0.0,0.0,0.0,0.0
3683,花蓮縣玉里鎮春日國民小學,應付代收款-其他-資源回收,50.0,50.0,50.0,0.0,0.0,0.0,0.0,0.0,0.0
3686,花蓮縣玉里鎮春日國民小學,應付代收款-其他政府機關委託補助-壽豐國小-104年全國中小學客家藝文競賽,2832.0,2832.0,2832.0,0.0,0.0,0.0,0.0,0.0,0.0
3739,花蓮縣玉里鎮春日國民小學,應付代收款-逾期未兌現支票-100.10.7原民會100年原住民族支援教師剩餘款,4654.0,4654.0,4654.0,0.0,0.0,0.0,0.0,0.0,0.0
3740,花蓮縣玉里鎮春日國民小學,應付代收款-逾期未兌現支票-102.2.22奇群企業102年1月影印機租金,2500.0,2500.0,2500.0,0.0,0.0,0.0,0.0,0.0,0.0
3756,花蓮縣玉里鎮松浦國民小學,應付代收款-代收代付-幼圍兜,70.0,70.0,70.0,0.0,0.0,0.0,0.0,0.0,0.0
3765,花蓮縣玉里鎮松浦國民小學,應付代收款-其他-學校員生消費合作社,0.0,864.0,864.0,600.0,0.0,0.0,inf,0.0,0.0
3767,花蓮縣玉里鎮松浦國民小學,應付代收款-其他-資源回收,1400.0,1400.0,1400.0,0.0,0.0,0.0,0.0,0.0,0.0
3770,花蓮縣玉里鎮松浦國民小學,應付代收款-其他政府機關委託補助-史懷哲經費,0.0,1.0,1.0,5239.0,0.0,0.0,inf,0.0,0.0
3771,花蓮縣玉里鎮松浦國民小學,應付代收款-其他政府機關委託補助-國教輔導團-差旅費,3430.0,3430.0,3430.0,0.0,0.0,0.0,0.0,0.0,0.0
3774,花蓮縣玉里鎮松浦國民小學,應付代收款-其他政府機關委託補助-瑞穗鄉公所-廣達游於藝計畫,3000.0,3000.0,3000.0,0.0,0.0,0.0,0.0,0.0,0.0
3777,花蓮縣玉里鎮松浦國民小學,應付代收款-其他政府機關委託補助-花蓮縣環保局-資源回收教育宣導計畫,1696.0,1696.0,1696.0,0.0,0.0,0.0,0.0,0.0,0.0
3784,花蓮縣玉里鎮松浦國民小學,應付代收款-學生繳費-簿本教材費,9297.0,9297.0,9297.0,0.0,0.0,0.0,0.0,0.0,0.0
3785,花蓮縣玉里鎮松浦國民小學,應付代收款-學生繳費-運動服費用,1920.0,1920.0,1920.0,0.0,0.0,0.0,0.0,0.0,0.0
3937,花蓮縣玉里鎮源城國民小學,應付代收款-其他-聯合社股息收入,0.0,429.0,429.0,0.0,0.0,0.0,0.0,0.0,0.0
3938,花蓮縣玉里鎮源城國民小學,應付代收款-其他-資源回收,5623.0,7283.0,8658.0,0.0,0.0,0.0,0.0,0.0,0.0
3942,花蓮縣玉里鎮源城國民小學,應付代收款-其他政府機關委託補助-國立東華大學-行政補助費,0.0,2000.0,2000.0,0.0,0.0,0.0,0.0,0.0,0.0
3944,花蓮縣玉里鎮源城國民小學,應付代收款-其他政府機關委託補助-玉里鎮公所,2220.0,2220.0,2220.0,0.0,0.0,0.0,0.0,0.0,0.0
3945,花蓮縣玉里鎮源城國民小學,應付代收款-午餐專戶-教職員工午餐費代收款,14.0,14.0,14.0,0.0,0.0,0.0,0.0,0.0,0.0
3952,花蓮縣玉里鎮源城國民小學,應付代收款-學生繳費-校外教學代收款,1111.0,1111.0,1111.0,0.0,0.0,0.0,0.0,0.0,0.0
3984,花蓮縣玉里鎮玉里國民小學,應付代收款-代收代付-學生損壞賠償費,150.0,240.0,440.0,0.0,0.0,0.0,0.0,0.0,0.0
3999,花蓮縣玉里鎮玉里國民小學,應付代收款-其他-校友會專款,103821.0,103821.0,103821.0,0.0,0.0,0.0,0.0,0.0,0.0
4010,花蓮縣玉里鎮玉里國民小學,應付代收款-其他-集中宿舍維修,400141.0,512269.0,720918.0,0.0,0.0,0.0,0.0,0.0,0.0
4020,花蓮縣玉里鎮玉里國民小學,應付代收款-其他政府機關委託補助-花蓮縣體育會-棒球隊參加垂直整合訓練交通費補助,3000.0,3000.0,3000.0,0.0,0.0,0.0,0.0,0.0,0.0
4035,花蓮縣玉里鎮玉里國民小學,應付代收款-學生繳費-電腦維護費,3020.0,3020.0,3020.0,0.0,0.0,0.0,0.0,0.0,0.0
4083,花蓮縣玉里鎮觀音國民小學,應付代收款-其他-其他,65.0,65.0,65.0,0.0,0.0,0.0,0.0,0.0,0.0
4084,花蓮縣玉里鎮觀音國民小學,應付代收款-其他-合作社公基金,26540.0,26934.0,27020.0,0.0,0.0,0.0,0.0,0.0,0.0
4086,花蓮縣玉里鎮觀音國民小學,應付代收款-其他-禮金,82.0,82.0,82.0,0.0,0.0,0.0,0.0,0.0,0.0
4088,花蓮縣玉里鎮觀音國民小學,應付代收款-其他-資源回收,8213.0,8213.0,8213.0,0.0,0.0,0.0,0.0,0.0,0.0
4096,花蓮縣玉里鎮觀音國民小學,應付代收款-午餐專戶-學生午餐費,1.0,1.0,1.0,0.0,0.0,0.0,0.0,0.0,0.0
4097,花蓮縣玉里鎮觀音國民小學,應付代收款-學生繳費-簿本費,493.0,493.0,493.0,0.0,0.0,0.0,0.0,0.0,0.0
4195,花蓮縣玉里鎮高寮國民小學,應付代收款-其他-環保作業,721.0,721.0,721.0,0.0,0.0,0.0,0.0,0.0,0.0
4258,花蓮縣瑞穗鄉奇美國民小學,應付代收款-其他,56830.0,360.0,360.0,62980.0,0.0,0.0,1.1082174907619216,0.0,0.0
4264,花蓮縣瑞穗鄉奇美國民小學,應付代收款-其他-員生合作社餘款,502.0,502.0,502.0,0.0,0.0,0.0,0.0,0.0,0.0
4265,花蓮縣瑞穗鄉奇美國民小學,應付代收款-其他-學生儲蓄酬金,1528.0,1528.0,1528.0,0.0,0.0,0.0,0.0,0.0,0.0
4266,花蓮縣瑞穗鄉奇美國民小學,應付代收款-其他-校外教學,0.0,1256.0,1256.0,12609.0,0.0,0.0,inf,0.0,0.0
4267,花蓮縣瑞穗鄉奇美國民小學,應付代收款-其他-資源回收金,194.0,194.0,194.0,0.0,0.0,0.0,0.0,0.0,0.0
4269,花蓮縣瑞穗鄉奇美國民小學,應付代收款-學生繳費-學生平安保險費,120.0,120.0,120.0,0.0,0.0,0.0,0.0,0.0,0.0
4333,花蓮縣瑞穗鄉富源國民小學,應付代收款-其他-學生儲金酬金,34859.0,38883.0,41279.0,0.0,0.0,0.0,0.0,0.0,0.0
4334,花蓮縣瑞穗鄉富源國民小學,應付代收款-其他-拾金不昧基金,23252.0,18676.0,19776.0,6106.0,0.0,0.0,0.2626010665749183,0.0,0.0
4336,花蓮縣瑞穗鄉富源國民小學,應付代收款-其他-資源回收,18800.0,18800.0,20885.0,0.0,0.0,0.0,0.0,0.0,0.0
4414,花蓮縣瑞穗鄉瑞北國民小學,應付代收款-代收代付-校外教學,1029.0,1029.0,1029.0,0.0,0.0,0.0,0.0,0.0,0.0
4421,花蓮縣瑞穗鄉瑞北國民小學,應付代收款-午餐專戶-午餐費,43784.0,43847.0,43901.0,0.0,0.0,0.0,0.0,0.0,0.0
4428,花蓮縣瑞穗鄉瑞北國民小學,應付代收款-學生繳費-班費,5016.0,5016.0,5016.0,0.0,0.0,0.0,0.0,0.0,0.0
4493,花蓮縣瑞穗鄉瑞穗國民小學,102學年度下學期學生團體保險費,400.0,400.0,400.0,0.0,0.0,0.0,0.0,0.0,0.0
4494,花蓮縣瑞穗鄉瑞穗國民小學,103年度貧困學生寒假午餐補助,6440.0,6440.0,6440.0,0.0,0.0,0.0,0.0,0.0,0.0
4499,花蓮縣瑞穗鄉瑞穗國民小學,值勤人員費用,789.0,789.0,789.0,0.0,0.0,0.0,0.0,0.0,0.0
4502,花蓮縣瑞穗鄉瑞穗國民小學,其他-不休假加班費,13964.0,13964.0,13964.0,6774.0,0.0,0.0,0.48510455456889146,0.0,0.0
4517,花蓮縣瑞穗鄉瑞穗國民小學,其他-特教車牌照稅,2585.0,3324.0,3324.0,0.0,0.0,0.0,0.0,0.0,0.0
4520,花蓮縣瑞穗鄉瑞穗國民小學,其他-誤收午餐費,3478.0,3478.0,5101.0,13.0,0.0,0.0,0.0037377803335250145,0.0,0.0
4528,花蓮縣瑞穗鄉瑞穗國民小學,其它-省/鄉教育會,2340.0,2340.0,2340.0,0.0,0.0,0.0,0.0,0.0,0.0
4529,花蓮縣瑞穗鄉瑞穗國民小學,其它-紅十字會郵票福利金,5981.0,5981.0,5981.0,0.0,0.0,0.0,0.0,0.0,0.0
4540,花蓮縣瑞穗鄉瑞穗國民小學,學生繳費-幼兒園電費,0.0,5837.0,32537.0,8163.0,0.0,0.0,inf,0.0,0.0
4543,花蓮縣瑞穗鄉瑞穗國民小學,學生繳費-校外教學,22458.0,22458.0,22458.0,36000.0,0.0,0.0,1.6029922522041145,0.0,0.0
4546,花蓮縣瑞穗鄉瑞穗國民小學,學生繳費-電腦設備維護費,443.0,443.0,443.0,0.0,0.0,0.0,0.0,0.0,0.0
4588,花蓮縣瑞穗鄉瑞穗國民小學,教育處委託補助-體健科-104年度暑假課輔活動午餐補助,5460.0,5460.0,5460.0,0.0,0.0,0.0,0.0,0.0,0.0
4590,花蓮縣瑞穗鄉瑞穗國民小學,教育處委託補助-體健科-105年度貧困學生寒假午餐補助,3290.0,3290.0,3290.0,0.0,0.0,0.0,0.0,0.0,0.0
4601,花蓮縣瑞穗鄉瑞穗國民小學,教育處委託補助101年以前-學生繳不出代收代辦費,9690.0,9690.0,9690.0,0.0,0.0,0.0,0.0,0.0,0.0
4603,花蓮縣瑞穗鄉瑞穗國民小學,氣象局補助電費款,15392.0,18992.0,18992.0,0.0,0.0,0.0,0.0,0.0,0.0
4622,花蓮縣瑞穗鄉瑞美國民小學,應付代收款-其他-校隊表演費,8998.0,8998.0,8998.0,0.0,0.0,0.0,0.0,0.0,0.0
4628,花蓮縣瑞穗鄉瑞美國民小學,應付代收款-其他-集中宿舍公共區域維護費,1385.0,1335.0,1335.0,50.0,0.0,0.0,0.036101083032490974,0.0,0.0
4686,花蓮縣瑞穗鄉舞鶴國民小學,應付代收款-其他-合作社經費,89995.0,90097.0,90497.0,275.0,0.0,0.0,0.003055725318073226,0.0,0.0
4687,花蓮縣瑞穗鄉舞鶴國民小學,應付代收款-其他-張秀琳女士捐款,0.0,10000.0,10000.0,0.0,0.0,0.0,0.0,0.0,0.0
4690,花蓮縣瑞穗鄉舞鶴國民小學,應付代收款-其他-環保經費,6245.0,6245.0,6245.0,0.0,0.0,0.0,0.0,0.0,0.0
4697,花蓮縣瑞穗鄉舞鶴國民小學,應付代收款-其他-鄉校長會議費,580.0,60.0,60.0,4520.0,0.0,0.0,7.793103448275862,0.0,0.0
4739,花蓮縣瑞穗鄉鶴岡國民小學,應付代收款--其他-資源-回收,4165.0,4165.0,4165.0,0.0,0.0,0.0,0.0,0.0,0.0
4740,花蓮縣瑞穗鄉鶴岡國民小學,應付代收款-103學年度健康促進實施計畫績優學校評選獎金,3500.0,1295.0,1295.0,2205.0,0.0,0.0,0.63,0.0,0.0
4750,花蓮縣瑞穗鄉鶴岡國民小學,應付代收款-代收代付-財團法人技專技院入學測驗中心基金會,330.0,390.0,390.0,0.0,0.0,0.0,0.0,0.0,0.0
4754,花蓮縣瑞穗鄉鶴岡國民小學,應付代收款-其他-值日月專勤人員,3647.0,3647.0,3647.0,0.0,0.0,0.0,0.0,0.0,0.0
4758,花蓮縣瑞穗鄉鶴岡國民小學,應付代收款-其他-聖誕節報佳音禮金,6879.0,6879.0,6879.0,0.0,0.0,0.0,0.0,0.0,0.0
4763,花蓮縣瑞穗鄉鶴岡國民小學,應付代收款-其他政府機關補助-瑞小健促獎勵活動費,4100.0,1918.0,1918.0,2182.0,0.0,0.0,0.5321951219512195,0.0,0.0
4837,花蓮縣秀林鄉三棧國民小學,應付代收款-其他-發展手作工藝款,2249.0,2249.0,2249.0,0.0,0.0,0.0,0.0,0.0,0.0
4841,花蓮縣秀林鄉三棧國民小學,應付代收款-其他-運動費,6007.0,11407.0,11407.0,3600.0,0.0,0.0,0.5993008157149992,0.0,0.0
4932,花蓮縣秀林鄉和平國民小學,應付代收款-午餐專戶-燃料費,35318.0,35318.0,35318.0,0.0,0.0,0.0,0.0,0.0,0.0
5028,花蓮縣秀林鄉富世國民小學,應付代收款-教育處委託補助-體健科-106暑假貧困生午餐,0.0,6790.0,6790.0,58730.0,0.0,0.0,inf,0.0,0.0
5044,花蓮縣秀林鄉崇德國民小學,應付代收款-代收代付-課後照顧自付額,2273.0,2273.0,2273.0,0.0,0.0,0.0,0.0,0.0,0.0
5066,花蓮縣秀林鄉崇德國民小學,應付代收款-學生繳費-幼兒園-平安保險費,893.0,893.0,893.0,0.0,0.0,0.0,0.0,0.0,0.0
5069,花蓮縣秀林鄉崇德國民小學,應付代收款-學生繳費-簿本費,4936.0,4936.0,4936.0,0.0,0.0,0.0,0.0,0.0,0.0
5070,花蓮縣秀林鄉崇德國民小學,應付代收款-應收代付-溢付費用收回,36.0,36.0,36.0,0.0,0.0,0.0,0.0,0.0,0.0
5134,花蓮縣秀林鄉崇德國民小學,應付代收款-教育處委託補助-體健科-貧困學生營養午餐,0.0,2100.0,2100.0,10500.0,0.0,0.0,inf,0.0,0.0
5143,花蓮縣秀林鄉文蘭國民小學,應付代收款 -其他政府機關委託補助-秀林鄉公所-太魯閣族歌謠競賽獎金,5000.0,5000.0,5000.0,0.0,0.0,0.0,0.0,0.0,0.0
5152,花蓮縣秀林鄉文蘭國民小學,應付代收款-其他-其他,16418.0,16418.0,16418.0,0.0,0.0,0.0,0.0,0.0,0.0
5154,花蓮縣秀林鄉文蘭國民小學,應付代收款-其他-資源回收,760.0,760.0,760.0,0.0,0.0,0.0,0.0,0.0,0.0
5221,花蓮縣秀林鄉景美國民小學,應付代收款-代收代付-其他收入,8620.0,8820.0,9170.0,0.0,0.0,0.0,0.0,0.0,0.0
5233,花蓮縣秀林鄉景美國民小學,應付代收款-其他政府機關委託補助-原民會-原住民族語單詞活動費,0.0,2000.0,2000.0,0.0,0.0,0.0,0.0,0.0,0.0
5236,花蓮縣秀林鄉景美國民小學,應付代收款-其他政府機關委託補助-行政院原住民族委員-資源教師經費,417.0,417.0,417.0,0.0,0.0,0.0,0.0,0.0,0.0
5303,花蓮縣秀林鄉水源國民小學,應付代收款-午餐專戶-學生餐費,54102.0,54210.0,54318.0,0.0,0.0,0.0,0.0,0.0,0.0
5356,花蓮縣秀林鄉秀林國民小學,應付代收款-午餐專戶-利息收入,343.0,361.0,367.0,0.0,0.0,0.0,0.0,0.0,0.0
5394,花蓮縣秀林鄉西寶國民小學,應付代收款 -代收代付- 離職儲金,29120.0,775.0,775.0,40889.0,0.0,0.0,1.4041552197802198,0.0,0.0
5402,花蓮縣秀林鄉西寶國民小學,應付代收款-代收代付-資遣費,27000.0,27000.0,27000.0,0.0,0.0,0.0,0.0,0.0,0.0
5405,花蓮縣秀林鄉西寶國民小學,應付代收款-其他-其雜項收入,9494.0,9494.0,9494.0,0.0,0.0,0.0,0.0,0.0,0.0
5412,花蓮縣秀林鄉西寶國民小學,應付代收款-其他-教職員宿舍共同管理費,40.0,40.0,40.0,0.0,0.0,0.0,0.0,0.0,0.0
5413,花蓮縣秀林鄉西寶國民小學,應付代收款-其他-教職員宿舍電費,17986.0,655.0,7666.0,25000.0,0.0,0.0,1.3899699766485043,0.0,0.0
5429,花蓮縣秀林鄉西寶國民小學,應付代收款-午餐專戶-利息收入,240.0,277.0,316.0,0.0,0.0,0.0,0.0,0.0,0.0
5431,花蓮縣秀林鄉西寶國民小學,應付代收款-午餐專戶-學生午餐費,140.0,140.0,140.0,0.0,0.0,0.0,0.0,0.0,0.0
5435,花蓮縣秀林鄉西寶國民小學,應付代收款-教育儲蓄戶-利息收入,0.0,2.0,17.0,0.0,0.0,0.0,0.0,0.0,0.0
5436,花蓮縣秀林鄉西寶國民小學,應付代收款-教育儲蓄戶-貧困學生教育相關支出費,0.0,20000.0,26000.0,0.0,0.0,0.0,0.0,0.0,0.0
5480,花蓮縣秀林鄉銅蘭國民小學,應付代收款-其他-拾金不昧費,900.0,853.0,1816.0,1178.0,0.0,0.0,1.308888888888889,0.0,0.0
5673,花蓮縣立光復國民中學,應付代收款-代收代付-補助費,13611.0,13611.0,13611.0,0.0,0.0,0.0,0.0,0.0,0.0
5678,花蓮縣立光復國民中學,應付代收款-其他-教師甄試,21646.0,21646.0,21646.0,0.0,0.0,0.0,0.0,0.0,0.0
5687,花蓮縣立光復國民中學,應付代收款-學生繳費-教室連結群組學校韓國參訪活動,200.0,200.0,200.0,0.0,0.0,0.0,0.0,0.0,0.0
5690,花蓮縣立光復國民中學,應付代收款-學生繳費-電腦維護費,9422.0,9422.0,9422.0,0.0,0.0,0.0,0.0,0.0,0.0
5756,花蓮縣立光復國民中學,應付代收款-體育經費-男足球隊訓練.參賽經費,19722.0,19722.0,19722.0,0.0,0.0,0.0,0.0,0.0,0.0
5765,花蓮縣立化仁國民中學,代收代付-教師研習差旅費,1860.0,1860.0,1860.0,0.0,0.0,0.0,0.0,0.0,0.0
5769,花蓮縣立化仁國民中學,代收代付-電梯保養費,37400.0,37400.0,37400.0,0.0,0.0,0.0,0.0,0.0,0.0
5776,花蓮縣立化仁國民中學,其他-運動會,0.0,32500.0,32500.0,0.0,0.0,0.0,0.0,0.0,0.0
5932,花蓮縣立吉安國民中學,應付代收款-代收代付-兼代課鐘點費,5040.0,5040.0,5040.0,0.0,0.0,0.0,0.0,0.0,0.0
5935,花蓮縣立吉安國民中學,應付代收款-代收代付-導師費,3914.0,3914.0,3914.0,0.0,0.0,0.0,0.0,0.0,0.0
5939,花蓮縣立吉安國民中學,應付代收款-代收代付-電費,33394.0,33394.0,33394.0,0.0,0.0,0.0,0.0,0.0,0.0
5942,花蓮縣立吉安國民中學,應付代收款-其他-公物賠償,100.0,100.0,400.0,0.0,0.0,0.0,0.0,0.0,0.0
5943,花蓮縣立吉安國民中學,應付代收款-其他-資源回收,96.0,211.0,6448.0,14415.0,0.0,0.0,150.15625,0.0,0.0
5948,花蓮縣立吉安國民中學,應付代收款-其他政府機關委託補助-國立台中教育大學,4000.0,4000.0,4000.0,4000.0,0.0,0.0,1.0,0.0,0.0
5950,花蓮縣立吉安國民中學,應付代收款-其他政府機關委託補助-教育部9年1貫課程教學輔導跨縣市分區聯盟交流,1593.0,1593.0,1593.0,0.0,0.0,0.0,0.0,0.0,0.0
6021,花蓮縣立吉安國民中學,應付代收款-教育部體育署補助-棒球運動軟式組聯賽學校組訓費暨參賽費,46000.0,46000.0,46000.0,0.0,0.0,0.0,0.0,0.0,0.0
6090,花蓮縣立國風國民中學,應付代收款-其他-國家考試補助水電費,0.0,23250.0,27150.0,0.0,0.0,0.0,0.0,0.0,0.0
6098,花蓮縣立國風國民中學,應付代收款-其他-社團暨弱勢學生獎勵金捐款,20000.0,20000.0,20000.0,0.0,0.0,0.0,0.0,0.0,0.0
6100,花蓮縣立國風國民中學,應付代收款-其他-綠茵電機有限公司-改善教學環境及校務發展用,0.0,20000.0,20000.0,0.0,0.0,0.0,0.0,0.0,0.0
6107,花蓮縣立國風國民中學,應付代收款-其他-跆拳道表演費,10000.0,10000.0,10000.0,0.0,0.0,0.0,0.0,0.0,0.0
6112,花蓮縣立國風國民中學,應付代收款-其他-高級中等學校體育總會-補助參加104學年度國民中學籃球聯賽經費,0.0,13500.0,13500.0,36000.0,0.0,0.0,inf,0.0,0.0
6124,花蓮縣立國風國民中學,應付代收款-午餐專戶-午餐行政費,244022.0,55.0,154.0,244022.0,0.0,0.0,1.0,0.0,0.0
6132,花蓮縣立國風國民中學,應付代收款-學生繳費-學生車牌專款,8440.0,8440.0,8440.0,0.0,0.0,0.0,0.0,0.0,0.0
6217,花蓮縣立國風國民中學,應付代收款-教育處委託補助-體健科-體育班游泳組移地訓練車資,0.0,16250.0,16250.0,36250.0,0.0,0.0,inf,0.0,0.0
6354,花蓮縣立宜昌國民中學,應付代收款-學生繳費-清潔用具賠償費 -學務處,0.0,225.0,225.0,2850.0,0.0,0.0,inf,0.0,0.0
6486,花蓮縣立富北國民中學,應付代收款-其他-國際交流費,315.0,315.0,315.0,0.0,0.0,0.0,0.0,0.0,0.0
6488,花蓮縣立富北國民中學,應付代收款-其他-校慶暨運動會各界致贈禮金,12.0,12.0,12.0,0.0,0.0,0.0,0.0,0.0,0.0
6491,花蓮縣立富北國民中學,應付代收款-其他-資源回收,8275.0,1421.0,3963.0,10885.0,0.0,0.0,1.3154078549848942,0.0,0.0
6501,花蓮縣立富北國民中學,應付代收款-午餐專戶-學生午餐費,1056.0,1056.0,1056.0,0.0,0.0,0.0,0.0,0.0,0.0
6502,花蓮縣立富北國民中學,應付代收款-學生繳費-校外教學,68.0,68.0,68.0,0.0,0.0,0.0,0.0,0.0,0.0
6565,花蓮縣立富源國民中學,應付代收款-代收代付-值日夜費,1681.0,1681.0,1681.0,0.0,0.0,0.0,0.0,0.0,0.0
6651,花蓮縣立富源國民中學,體育總會籃球補助,10416.0,21216.0,21216.0,0.0,0.0,0.0,0.0,0.0,0.0
6674,花蓮縣立富里國民中學,應付代收款-學生繳費-平安保險費,139.0,343.0,343.0,0.0,0.0,0.0,0.0,0.0,0.0
6677,花蓮縣立富里國民中學,應付代收款-學生繳費-課輔費用,33400.0,33400.0,33400.0,0.0,0.0,0.0,0.0,0.0,0.0
6756,花蓮縣立平和國民中學,應付代收款-其他-值日夜費代辦,1459.0,1459.0,1459.0,0.0,0.0,0.0,0.0,0.0,0.0
6765,花蓮縣立平和國民中學,應付代收款-學生繳費-學生平安保險費,2443.0,2443.0,2443.0,0.0,0.0,0.0,0.0,0.0,0.0
6769,花蓮縣立平和國民中學,應付代收款-學生繳費-電腦設備維護費,9052.0,9052.0,9052.0,0.0,0.0,0.0,0.0,0.0,0.0
6835,花蓮縣立新城國民中學,應付代收款-代收代付-各界捐款,51163.0,51163.0,51163.0,0.0,0.0,0.0,0.0,0.0,0.0
6955,花蓮縣立東里國民中學,應付代收款-教育處委託補助-課程科-105學年課後輔導第2期經費,0.0,1840.0,1840.0,12960.0,0.0,0.0,inf,0.0,0.0
7004,花蓮縣立玉東國民中學,應付代收款-其他政府委託補助-花蓮縣政府-牆面及排水溝改善及水泥地板打除設計費,3954.0,3954.0,3954.0,0.0,0.0,0.0,0.0,0.0,0.0
7070,花蓮縣立玉東國民中學,應付代收款-教育處委託補助-體健科-106年度國民中小學貧困學生寒假午餐費,0.0,65520.0,65520.0,0.0,0.0,0.0,0.0,0.0,0.0
7071,花蓮縣立玉東國民中學,應付代收款-教育處委託補助-體健科-106年度國民中小學貧困學生暑假午餐費,0.0,152880.0,152880.0,0.0,0.0,0.0,0.0,0.0,0.0
7196,花蓮縣立玉里國民中學,應付代收款-教育部委託補助-花蓮記憶空間學會-檳榔防制輔導計畫,3400.0,2400.0,2400.0,1000.0,0.0,0.0,0.29411764705882354,0.0,0.0
7216,花蓮縣立瑞穗國民中學,應付代收款-其他-值日夜補助費,14501.0,14501.0,14501.0,0.0,0.0,0.0,0.0,0.0,0.0
7217,花蓮縣立瑞穗國民中學,應付代收款-其他-合作社清算金,122276.0,122382.0,122382.0,0.0,0.0,0.0,0.0,0.0,0.0
7219,花蓮縣立瑞穗國民中學,應付代收款-其他-學生宿舍冷氣電費及修繕基金,7400.0,17600.0,25400.0,0.0,0.0,0.0,0.0,0.0,0.0
7224,花蓮縣立瑞穗國民中學,應付代收款-其他政府機關委託補助-其他,12080.0,12080.0,12080.0,23440.0,0.0,0.0,1.9403973509933774,0.0,0.0
7226,花蓮縣立瑞穗國民中學,應付代收款-其他政府機關委託補助-國立東華大學,0.0,1500.0,1500.0,0.0,0.0,0.0,0.0,0.0,0.0
7230,花蓮縣立瑞穗國民中學,應付代收款-午餐專戶-午餐行政費,57119.0,30.0,38.0,57124.0,0.0,0.0,1.000087536546508,0.0,0.0
7231,花蓮縣立瑞穗國民中學,應付代收款-午餐專戶-學生午餐費,637.0,637.0,637.0,0.0,0.0,0.0,0.0,0.0,0.0
7234,花蓮縣立瑞穗國民中學,應付代收款-學生繳費-教科書書籍費,7834.0,7834.0,7834.0,0.0,0.0,0.0,0.0,0.0,0.0
7240,花蓮縣立瑞穗國民中學,應付代收款-學生繳費-電腦設備維護費,68132.0,68132.0,68132.0,0.0,0.0,0.0,0.0,0.0,0.0
7348,花蓮縣立秀林國民中學,應付代收款-午餐專戶-學生午餐費,714033.0,337593.0,337593.0,376440.0,0.0,0.0,0.5272025242530808,0.0,0.0
7357,花蓮縣立秀林國民中學,應付代收款-教育處委託補助-學管科-104學年調整教師授課節數經費,18720.0,18720.0,18720.0,0.0,0.0,0.0,0.0,0.0,0.0
7364,花蓮縣立秀林國民中學,應付代收款-教育處委託補助-學管科-105年度國中小主任儲訓期間代課費,10800.0,10800.0,10800.0,0.0,0.0,0.0,0.0,0.0,0.0
7398,花蓮縣立秀林國民中學,應付代收款-教育處委託補助-課程科-104下學期原住民語教學支援人員交通費,2000.0,2000.0,2000.0,0.0,0.0,0.0,0.0,0.0,0.0
7401,花蓮縣立秀林國民中學,應付代收款-教育處委託補助-體健科-106年貧困學生暑假午餐費,0.0,72378.0,72378.0,162472.0,0.0,0.0,inf,0.0,0.0
7467,花蓮縣立美崙國民中學,應付代收款-代收代付-籃球隊專款,116620.0,1000.0,1000.0,198620.0,0.0,0.0,1.7031383982164294,0.0,0.0
7468,花蓮縣立美崙國民中學,應付代收款-代收代付-網球場維護費,430.0,2430.0,2430.0,0.0,0.0,0.0,0.0,0.0,0.0
7469,花蓮縣立美崙國民中學,應付代收款-代收代付-足球場維護費,0.0,3000.0,3000.0,0.0,0.0,0.0,0.0,0.0,0.0
7472,花蓮縣立美崙國民中學,應付代收款-其 他-國樂基金,1.0,1.0,1.0,0.0,0.0,0.0,0.0,0.0,0.0
7485,花蓮縣立美崙國民中學,應付代收款-其他-鐘點費,43920.0,43920.0,43920.0,0.0,0.0,0.0,0.0,0.0,0.0
7488,花蓮縣立美崙國民中學,應付代收款-學生繳費-平安保險費,9873.0,9873.0,9873.0,0.0,0.0,0.0,0.0,0.0,0.0
7490,花蓮縣立美崙國民中學,應付代收款-學生繳費-教科書款,94507.0,94507.0,94507.0,0.0,0.0,0.0,0.0,0.0,0.0
7492,花蓮縣立美崙國民中學,應付代收款-學生繳費-營隊活動費,106.0,106.0,106.0,374600.0,0.0,0.0,3533.9622641509436,0.0,0.0
7493,花蓮縣立美崙國民中學,應付代收款-學生繳費-班級費,11487.0,11487.0,11487.0,0.0,0.0,0.0,0.0,0.0,0.0
7496,花蓮縣立美崙國民中學,應付代收款-學生繳費-課後桌遊活動耗材費,820.0,820.0,820.0,0.0,0.0,0.0,0.0,0.0,0.0
7614,花蓮縣立自強國民中學,應付代收款-其他-腳踏車停放費,14790.0,14790.0,14790.0,0.0,0.0,0.0,0.0,0.0,0.0
7616,花蓮縣立自強國民中學,應付代收款-其他-運動會禮金,3063.0,22758.0,22758.0,37905.0,0.0,0.0,12.375122428991185,0.0,0.0
7628,花蓮縣立自強國民中學,應付代收款-學生繳費-公物賠償,9862.0,6286.0,8536.0,7316.0,0.0,0.0,0.7418373555059825,0.0,0.0
7630,花蓮縣立自強國民中學,應付代收款-學生繳費-學生平安保險費,17659.0,17659.0,17659.0,0.0,0.0,0.0,0.0,0.0,0.0
7632,花蓮縣立自強國民中學,應付代收款-學生繳費-教科書書籍費,56745.0,56745.0,56745.0,0.0,0.0,0.0,0.0,0.0,0.0
7634,花蓮縣立自強國民中學,應付代收款-學生繳費-游泳池教學費,4200.0,4200.0,4200.0,0.0,0.0,0.0,0.0,0.0,0.0
7635,花蓮縣立自強國民中學,應付代收款-學生繳費-班級費,6882.0,6882.0,6882.0,0.0,0.0,0.0,0.0,0.0,0.0
7731,花蓮縣立花崗國民中學,應付代收款-中華民國五人制足球協會,33574.0,13304.0,13304.0,20270.0,0.0,0.0,0.6037409900518258,0.0,0.0
7750,花蓮縣立花崗國民中學,應付代收款-其他-圖書及圖書設備,105571.0,105571.0,105571.0,0.0,0.0,0.0,0.0,0.0,0.0
7757,花蓮縣立花崗國民中學,應付代收款-其他-射擊教室,50000.0,50000.0,50000.0,0.0,0.0,0.0,0.0,0.0,0.0
7760,花蓮縣立花崗國民中學,應付代收款-其他-性平經費,5000.0,1800.0,1800.0,3200.0,0.0,0.0,0.64,0.0,0.0
7762,花蓮縣立花崗國民中學,應付代收款-其他-教職員公汽車出入感應卡,11400.0,12800.0,12800.0,0.0,0.0,0.0,0.0,0.0,0.0
7770,花蓮縣立花崗國民中學,應付代收款-其他-環境教育,11495.0,11495.0,11495.0,0.0,0.0,0.0,0.0,0.0,0.0
7778,花蓮縣立花崗國民中學,應付代收款-其他-運動會經費,53541.0,66341.0,66341.0,0.0,0.0,0.0,0.0,0.0,0.0
7812,花蓮縣立花崗國民中學,應付代收款-學生繳費-電腦設備維護費,1673864.0,1673864.0,1673864.0,0.0,0.0,0.0,0.0,0.0,0.0
7842,花蓮縣立花崗國民中學,應付代收款-花蓮縣文化局,20000.0,20000.0,20000.0,0.0,0.0,0.0,0.0,0.0,0.0
7866,花蓮縣立花崗國民中學,應付代收款-跆拳道經費,5000.0,5000.0,5000.0,0.0,0.0,0.0,0.0,0.0,0.0
7877,花蓮縣立萬榮國民中學,應付代收款-代收代付-以前年度獎金,35121.0,35121.0,35121.0,0.0,0.0,0.0,0.0,0.0,0.0
7878,花蓮縣立萬榮國民中學,應付代收款-代收代付-值日費,2628.0,2628.0,2628.0,0.0,0.0,0.0,0.0,0.0,0.0
7885,花蓮縣立萬榮國民中學,應付代收款-代收代付-場地佈置費,17800.0,17800.0,17800.0,0.0,0.0,0.0,0.0,0.0,0.0
7886,花蓮縣立萬榮國民中學,應付代收款-代收代付-女足補助,0.0,39500.0,39500.0,15500.0,0.0,0.0,inf,0.0,0.0
7887,花蓮縣立萬榮國民中學,應付代收款-代收代付-彩色影印費,1500.0,1500.0,1500.0,0.0,0.0,0.0,0.0,0.0,0.0
7889,花蓮縣立萬榮國民中學,應付代收款-其他-光華工程顧問股份有限公司補貼花東公路環境檢測水電費,500.0,500.0,500.0,0.0,0.0,0.0,0.0,0.0,0.0
7890,花蓮縣立萬榮國民中學,應付代收款-其他-園遊會禮金,8675.0,8675.0,8675.0,0.0,0.0,0.0,0.0,0.0,0.0
7893,花蓮縣立萬榮國民中學,應付代收款-其他-校務經費,2880.0,2880.0,2880.0,0.0,0.0,0.0,0.0,0.0,0.0
7896,花蓮縣立萬榮國民中學,應付代收款-其他-鎮校長會議代金,353.0,353.0,353.0,0.0,0.0,0.0,0.0,0.0,0.0
7900,花蓮縣立萬榮國民中學,應付代收款-學生繳費-學生平安保險費,7037.0,7037.0,7037.0,0.0,0.0,0.0,0.0,0.0,0.0
7901,花蓮縣立萬榮國民中學,應付代收款-學生繳費-家長會費,21760.0,21760.0,21760.0,0.0,0.0,0.0,0.0,0.0,0.0
7902,花蓮縣立萬榮國民中學,應付代收款-學生繳費-教科書書籍費,79523.0,79523.0,79523.0,0.0,0.0,0.0,0.0,0.0,0.0
7903,花蓮縣立萬榮國民中學,應付代收款-學生繳費-校刊編印,1402.0,1402.0,1402.0,0.0,0.0,0.0,0.0,0.0,0.0
7905,花蓮縣立萬榮國民中學,應付代收款-學生繳費-班級費,5902.0,5902.0,5902.0,0.0,0.0,0.0,0.0,0.0,0.0
7906,花蓮縣立萬榮國民中學,應付代收款-學生繳費-童子軍登記費,1800.0,1800.0,1800.0,0.0,0.0,0.0,0.0,0.0,0.0
7907,花蓮縣立萬榮國民中學,應付代收款-學生繳費-花蓮青年,310.0,310.0,310.0,0.0,0.0,0.0,0.0,0.0,0.0
7908,花蓮縣立萬榮國民中學,應付代收款-學生繳費-註冊代收款,18291.0,18291.0,18291.0,0.0,0.0,0.0,0.0,0.0,0.0
7910,花蓮縣立萬榮國民中學,應付代收款-學生繳費-車棚維護,10494.0,10494.0,10494.0,0.0,0.0,0.0,0.0,0.0,0.0
7911,花蓮縣立萬榮國民中學,應付代收款-學生繳費-電腦材料費,23411.0,23411.0,23411.0,0.0,0.0,0.0,0.0,0.0,0.0
7912,花蓮縣立萬榮國民中學,應付代收款-學生繳費-電費,10574.0,10574.0,10574.0,0.0,0.0,0.0,0.0,0.0,0.0
8007,花蓮縣立豐濱國民中學,應付代收款-其他-校外教學,0.0,450.0,450.0,4500.0,0.0,0.0,inf,0.0,0.0
8008,花蓮縣立豐濱國民中學,應付代收款-其他-水電費,28225.0,40704.0,40704.0,0.0,0.0,0.0,0.0,0.0,0.0
8015,花蓮縣立豐濱國民中學,應付代收款-其他政府機關委託補助-豐濱鄉公所-海洋生態之旅活動,7000.0,7000.0,7000.0,0.0,0.0,0.0,0.0,0.0,0.0
8021,花蓮縣立豐濱國民中學,應付代收款-教育處委託補助-105學年全國舞蹈比賽獎金,0.0,10000.0,10000.0,0.0,0.0,0.0,0.0,0.0,0.0
8098,花蓮縣立體育實驗高級中學,應付代收款-代收代付-MOD費,1315.0,1315.0,1315.0,0.0,0.0,0.0,0.0,0.0,0.0
8112,花蓮縣立體育實驗高級中學,應付代收款-其他-租金收入,33400.0,33400.0,33400.0,33000.0,0.0,0.0,0.9880239520958084,0.0,0.0
8114,花蓮縣立體育實驗高級中學,應付代收款-其他政府機關委託補助-國立臺灣師範大學-健康教育種子教師培訓場地費,3000.0,3000.0,3000.0,0.0,0.0,0.0,0.0,0.0,0.0
8116,花蓮縣立體育實驗高級中學,應付代收款-其他政府機關委託補助-教育部體育署-輕艇隊東亞運補助,1403.0,1403.0,1403.0,0.0,0.0,0.0,0.0,0.0,0.0
8117,花蓮縣立體育實驗高級中學,應付代收款-其他政府機關委託補助-花蓮女中-讀書心得經費,704.0,704.0,704.0,0.0,0.0,0.0,0.0,0.0,0.0
8119,花蓮縣立體育實驗高級中學,應付代收款-其他政府機關委託補助-花蓮縣政府-輕艇比賽經費,22224.0,22224.0,22224.0,0.0,0.0,0.0,0.0,0.0,0.0
8126,花蓮縣立體育實驗高級中學,應付代收款-學生繳費-成績單郵資,7869.0,7879.0,7879.0,0.0,0.0,0.0,0.0,0.0,0.0
8132,花蓮縣立體育實驗高級中學,應付代收款-學生繳費-網路使用費,104829.0,104829.0,104829.0,0.0,0.0,0.0,0.0,0.0,0.0
8140,花蓮縣立體育實驗高級中學,應付代收款-教育處委託補助-100年以前-原住民學生住宿及伙食費補助,6255.0,6255.0,6255.0,0.0,0.0,0.0,0.0,0.0,0.0
8142,花蓮縣立體育實驗高級中學,應付代收款-教育處委託補助-100年以前-高中職優質化補助經費,1600.0,1600.0,1600.0,0.0,0.0,0.0,0.0,0.0,0.0
8143,花蓮縣立體育實驗高級中學,應付代收款-教育處委託補助-100年以前教學卓越銀質獎金,390.0,390.0,390.0,0.0,0.0,0.0,0.0,0.0,0.0
8178,花蓮縣立體育實驗高級中學,應付代收款-教育處委託補助-體健科-補助各校運動團隊對外參賽經費,156000.0,61000.0,61000.0,143488.0,0.0,0.0,0.9197948717948718,0.0,0.0
8182,花蓮縣立體育實驗高級中學,應付代收款-逾期未兌現支票-104.02.13退游起測驗?費,50.0,50.0,50.0,0.0,0.0,0.0,0.0,0.0,0.0
8389,花蓮縣花蓮市中原國民小學,應付代收款-逾期未兌現支票,0.0,1628.0,1628.0,0.0,0.0,0.0,0.0,0.0,0.0
8410,花蓮縣花蓮市中正國民小學,應付代收款-代收代付-作業及美勞材料,3914.0,3914.0,3914.0,0.0,0.0,0.0,0.0,0.0,0.0
8421,花蓮縣花蓮市中正國民小學,應付代收款-代收代付-口腔檢查費,13847.0,13847.0,13847.0,0.0,0.0,0.0,0.0,0.0,0.0
8441,花蓮縣花蓮市中正國民小學,應付代收款-代收代付-正聲雅音音樂會捐款,2000.0,2000.0,2000.0,0.0,0.0,0.0,0.0,0.0,0.0
8445,花蓮縣花蓮市中正國民小學,應付代收款-代收代付-紅十字分配款,3922.0,3922.0,3922.0,0.0,0.0,0.0,0.0,0.0,0.0
8448,花蓮縣花蓮市中正國民小學,應付代收款-代收代付-育樂營,10860.0,10860.0,10860.0,0.0,0.0,0.0,0.0,0.0,0.0
8468,花蓮縣花蓮市中正國民小學,應付代收款-學生繳費-游泳教學費,2161.0,2161.0,2161.0,0.0,0.0,0.0,0.0,0.0,0.0
8670,花蓮縣花蓮市北濱國民小學,應付代收款-其他-捐款-戶外教育,0.0,20000.0,20000.0,0.0,0.0,0.0,0.0,0.0,0.0
8674,花蓮縣花蓮市北濱國民小學,應付代收款-其他-捐款-辦理各項教學,0.0,12150.0,12600.0,0.0,0.0,0.0,0.0,0.0,0.0
8720,花蓮縣花蓮市國福國民小學,應付代收款--其他--各項活動獎勵金,1712.0,1712.0,1712.0,0.0,0.0,0.0,0.0,0.0,0.0
8728,花蓮縣花蓮市國福國民小學,應付代收款--其他政府委託補助-氣象局電費補助款,7200.0,10800.0,14400.0,0.0,0.0,0.0,0.0,0.0,0.0
8905,花蓮縣花蓮市忠孝國民小學,應付代收款-其他-教師甄試報名費,0.0,1500.0,1500.0,95400.0,0.0,0.0,inf,0.0,0.0
8906,花蓮縣花蓮市忠孝國民小學,應付代收款-其他-森巴鼓經費,0.0,3000.0,3000.0,0.0,0.0,0.0,0.0,0.0,0.0
9026,花蓮縣花蓮市明廉國民小學,應付代收款-學生繳費-借書證補證費,100.0,1880.0,3660.0,0.0,0.0,0.0,0.0,0.0,0.0
9027,花蓮縣花蓮市明廉國民小學,應付代收款-學生繳費-公物賠償款,200.0,200.0,400.0,0.0,0.0,0.0,0.0,0.0,0.0
9043,花蓮縣花蓮市明廉國民小學,應付代收款-學生繳費-賠償圖書款,240.0,2680.0,7690.0,0.0,0.0,0.0,0.0,0.0,0.0
9134,花蓮縣花蓮市明恥國民小學,應付代收款-其他-學生自治會,6629.0,5660.0,5660.0,1313.0,0.0,0.0,0.19806909036053705,0.0,0.0
9136,花蓮縣花蓮市明恥國民小學,應付代收款-其他-幼童軍,4326.0,1706.0,3706.0,2620.0,0.0,0.0,0.6056403143781784,0.0,0.0
9148,花蓮縣花蓮市明恥國民小學,應付代收款-其他-車輛維護費,1100.0,1100.0,3100.0,0.0,0.0,0.0,0.0,0.0,0.0
9173,花蓮縣花蓮市明恥國民小學,應付代收款-教育處委託補助-特教科-105學年度5歲幼兒免學費就學補助,0.0,140.0,140.0,179860.0,0.0,0.0,inf,0.0,0.0
9211,花蓮縣花蓮市明禮國民小學,應付代收款-其他-考試報名費,700.0,700.0,700.0,0.0,0.0,0.0,0.0,0.0,0.0
9213,花蓮縣花蓮市明禮國民小學,應付代收款-其他-電費補助,25500.0,29500.0,33500.0,0.0,0.0,0.0,0.0,0.0,0.0
9318,花蓮縣花蓮市明義國民小學,應付代收款-其他-公務賠償,8240.0,8740.0,8740.0,0.0,0.0,0.0,0.0,0.0,0.0
9343,花蓮縣花蓮市明義國民小學,應付代收款-其他-紅十字獎勵金,80.0,80.0,80.0,0.0,0.0,0.0,0.0,0.0,0.0
9355,花蓮縣花蓮市明義國民小學,應付代收款-學生繳費-學生平安保險費,1878.0,1878.0,1878.0,0.0,0.0,0.0,0.0,0.0,0.0
9451,花蓮縣花蓮市鑄強國民小學,應付代收款-其他-管樂團發展基金,3974.0,3974.0,3974.0,0.0,0.0,0.0,0.0,0.0,0.0
9452,花蓮縣花蓮市鑄強國民小學,應付代收款-其他-聯合社配息,355.0,355.0,355.0,0.0,0.0,0.0,0.0,0.0,0.0
9453,花蓮縣花蓮市鑄強國民小學,應付代收款-其他-資源回收,8781.0,12445.0,31530.0,0.0,0.0,0.0,0.0,0.0,0.0
9526,花蓮縣花蓮市鑄強國民小學,應付代收款-逾期未兌現支票103年12月3日丁慧美本土語言教學鐘點費,960.0,960.0,960.0,0.0,0.0,0.0,0.0,0.0,0.0
9619,花蓮縣萬榮鄉紅葉國民小學,應付代收款-其他-合作社,118269.0,118269.0,118269.0,0.0,0.0,0.0,0.0,0.0,0.0
9621,花蓮縣萬榮鄉紅葉國民小學,應付代收款-其他-森巴鼓,3418.0,3418.0,3418.0,0.0,0.0,0.0,0.0,0.0,0.0
9623,花蓮縣萬榮鄉紅葉國民小學,應付代收款-其他-獎勵金,7000.0,550.0,550.0,6450.0,0.0,0.0,0.9214285714285714,0.0,0.0
9626,花蓮縣萬榮鄉紅葉國民小學,應付代收款-其他-（103）年第二欠學習成長測驗資料處理費,360.0,360.0,360.0,0.0,0.0,0.0,0.0,0.0,0.0
9636,花蓮縣萬榮鄉紅葉國民小學,應付代收款-午餐專戶-利息收入,4664.0,4677.0,4685.0,0.0,0.0,0.0,0.0,0.0,0.0
9698,花蓮縣萬榮鄉萬榮國民小學,應付代收款-其他政府機關委託補助-族語戲劇比賽獎金,44.0,44.0,44.0,0.0,0.0,0.0,0.0,0.0,0.0
9700,花蓮縣萬榮鄉萬榮國民小學,應付代收款-午餐專戶-學生午餐費,20409.0,20419.0,20425.0,0.0,0.0,0.0,0.0,0.0,0.0
9753,花蓮縣萬榮鄉西林國民小學,付代收款-其他政府機關委託補助- 臺灣師範大學-103年度能源教育重點學校實施經,6032.0,674.0,674.0,5358.0,0.0,0.0,0.888262599469496,0.0,0.0
9762,花蓮縣萬榮鄉西林國民小學,應付代收款-其他-文教基金利息,0.0,28896.0,34018.0,450422.0,0.0,0.0,inf,0.0,0.0
9903,花蓮縣萬榮鄉馬遠國民小學,應付代收款-其他-考試報名費,2500.0,1150.0,1150.0,1350.0,0.0,0.0,0.54,0.0,0.0
9911,花蓮縣萬榮鄉馬遠國民小學,應付代收款-學生繳費-尿液檢查費,1400.0,1400.0,1400.0,0.0,0.0,0.0,0.0,0.0,0.0
9921,花蓮縣萬榮鄉馬遠國民小學,應付代收款-教育處委託補助-106年度消防改善計畫,0.0,60000.0,60000.0,60000.0,0.0,0.0,inf,0.0,0.0
9964,花蓮縣豐濱鄉新社國民小學,應付代收-教育處補助-105學年度公私立幼兒園推動本土語言教學經費,21540.0,16.0,16.0,21524.0,0.0,0.0,0.9992571959145775,0.0,0.0
9975,花蓮縣豐濱鄉新社國民小學,應付代收-教育處補助-5歲幼兒免學費經濟弱勢幼兒加額補助,9750.0,9750.0,9750.0,0.0,0.0,0.0,0.0,0.0,0.0
9980,花蓮縣豐濱鄉新社國民小學,應付代收款--附設幼兒園-寒暑期托收,5070.0,5070.0,5070.0,0.0,0.0,0.0,0.0,0.0,0.0
9985,花蓮縣豐濱鄉新社國民小學,應付代收款-代收代付-其他,16916.0,14669.0,14669.0,54031.0,0.0,0.0,3.1940766138567036,0.0,0.0
9989,花蓮縣豐濱鄉新社國民小學,應付代收款-代收代付-環境教育人員撰稿費,600.0,600.0,600.0,0.0,0.0,0.0,0.0,0.0,0.0
9991,花蓮縣豐濱鄉新社國民小學,應付代收款-其他-103年慶祝童軍大會支援校車補助款,500.0,500.0,500.0,0.0,0.0,0.0,0.0,0.0,0.0
9992,花蓮縣豐濱鄉新社國民小學,應付代收款-其他-105年度花蓮縣教育網路中心基礎維運計畫交流會議差旅費補助,880.0,880.0,880.0,0.0,0.0,0.0,0.0,0.0,0.0
9993,花蓮縣豐濱鄉新社國民小學,應付代收款-其他-供教育優先區學生材料、活動、營養品等費用,4723.0,4723.0,4723.0,0.0,0.0,0.0,0.0,0.0,0.0
9998,花蓮縣豐濱鄉新社國民小學,應付代收款-其他-展演費,5150.0,10150.0,10150.0,4000.0,0.0,0.0,0.7766990291262136,0.0,0.0
10001,花蓮縣豐濱鄉新社國民小學,應付代收款-其他-教職員宿舍保證金,4500.0,4500.0,4500.0,0.0,0.0,0.0,0.0,0.0,0.0
10002,花蓮縣豐濱鄉新社國民小學,應付代收款-其他-水電分攤,500.0,500.0,500.0,0.0,0.0,0.0,0.0,0.0,0.0
10008,花蓮縣豐濱鄉新社國民小學,應付代收款-其他-運動會禮金,48.0,48.0,48.0,0.0,0.0,0.0,0.0,0.0,0.0
10009,花蓮縣豐濱鄉新社國民小學,應付代收款-其他政府機關委託補助-103年度兒童節租用校車油料費及維修費,750.0,750.0,750.0,0.0,0.0,0.0,0.0,0.0,0.0
10013,花蓮縣豐濱鄉新社國民小學,應付代收款-其他政府機關委託補助-花蓮縣文化局推廣生活美學教育計畫補助,0.0,9000.0,9000.0,0.0,0.0,0.0,0.0,0.0,0.0
10014,花蓮縣豐濱鄉新社國民小學,應付代收款-其他政府機關委託補助-部落教室建置計畫經費,76641.0,2595.0,2595.0,364180.0,0.0,0.0,4.75176472123276,0.0,0.0
10016,花蓮縣豐濱鄉新社國民小學,應付代收款-午餐專戶-教職員工午餐費,9472.0,1.0,1.0,15289.0,0.0,0.0,1.6141258445945945,0.0,0.0
10018,花蓮縣豐濱鄉新社國民小學,應付代收款-學生繳費-附設幼兒園-學費,0.0,38240.0,47800.0,0.0,0.0,0.0,0.0,0.0,0.0
10024,花蓮縣豐濱鄉新社國民小學,應付代收款-教育處委託補助-104年國中小調整教師減授課鐘點費,1959.0,1959.0,1959.0,0.0,0.0,0.0,0.0,0.0,0.0
10028,花蓮縣豐濱鄉新社國民小學,應付代收款-教育處委託補助-106年度改制分校或合班上課文教費用,0.0,2000.0,2000.0,98000.0,0.0,0.0,inf,0.0,0.0
10032,花蓮縣豐濱鄉新社國民小學,應付代收款-教育處委託補助-推動教育優先區管考計畫補助,1095.0,1095.0,1095.0,0.0,0.0,0.0,0.0,0.0,0.0
10061,花蓮縣豐濱鄉新社國民小學,應付代收款-教育處補助-幼兒園學雜費補助,0.0,16000.0,29500.0,0.0,0.0,0.0,0.0,0.0,0.0
10062,花蓮縣豐濱鄉新社國民小學,應付代收款-教育部委託補助-103年1-6月兼任輔導教師減授課經費,260.0,260.0,260.0,0.0,0.0,0.0,0.0,0.0,0.0
10073,花蓮縣豐濱鄉新社國民小學,水璉國小借用校車油料及維護費,940.0,940.0,940.0,0.0,0.0,0.0,0.0,0.0,0.0
10100,花蓮縣豐濱鄉港口國民小學,應付代收款-其他-資源回收,4340.0,5640.0,5640.0,0.0,0.0,0.0,0.0,0.0,0.0
10134,花蓮縣豐濱鄉港口國民小學,教育處補助-差旅費,0.0,160.0,160.0,4748.0,0.0,0.0,inf,0.0,0.0
10156,花蓮縣豐濱鄉豐濱國民小學,應付代收款-代收代付-棒球經費,10482.0,10482.0,10482.0,0.0,0.0,0.0,0.0,0.0,0.0
10161,花蓮縣豐濱鄉豐濱國民小學,應付代收款-其他-2688專案教師,536.0,536.0,536.0,0.0,0.0,0.0,0.0,0.0,0.0
10169,花蓮縣豐濱鄉豐濱國民小學,應付代收款-其他政府機關委託補助-耐震補強工程,7800.0,7800.0,7800.0,0.0,0.0,0.0,0.0,0.0,0.0
10174,花蓮縣豐濱鄉豐濱國民小學,應付代收款-其他政府機關委託補助-豐濱鄉公所,38449.0,34449.0,34449.0,12000.0,0.0,0.0,0.3121017451689251,0.0,0.0
10178,花蓮縣豐濱鄉豐濱國民小學,應付代收款-午餐專戶-教職員工午餐費,50397.0,1.0,1.0,62035.0,0.0,0.0,1.230926444034367,0.0,0.0
10194,花蓮縣豐濱鄉豐濱國民小學,應付代收款-教育處委託補助-低收入戶幼童托教津貼補助,0.0,5230.0,5230.0,0.0,0.0,0.0,0.0,0.0,0.0
10195,花蓮縣豐濱鄉豐濱國民小學,應付代收款-教育處委託補助-健康檢查校車油料補助費,993.0,993.0,993.0,0.0,0.0,0.0,0.0,0.0,0.0
10332,花蓮縣鳳林鎮北林國民小學,應付代收款-其他政府機關委託補助-鳳林鎮公所-年度推動各項教育行政經費,452.0,452.0,452.0,0.0,0.0,0.0,0.0,0.0,0.0
10390,花蓮縣鳳林鎮大榮國民小學,應付代收款-學生繳費-幼兒園補助款,12600.0,12600.0,12600.0,0.0,0.0,0.0,0.0,0.0,0.0
10435,花蓮縣鳳林鎮林榮國民小學,應付代收款-代收代付-資源回收,1100.0,1100.0,1100.0,0.0,0.0,0.0,0.0,0.0,0.0
10499,花蓮縣鳳林鎮長橋國民小學,應付代收款-其他政府機關委託補助-鳳林鎮公所補助款-踩街獎勵金,130.0,130.0,780.0,0.0,0.0,0.0,0.0,0.0,0.0
10551,花蓮縣鳳林鎮鳳仁國民小學,應付代收款-其他-員生消費合作社,308.0,489.0,682.0,0.0,0.0,0.0,0.0,0.0,0.0
10560,花蓮縣鳳林鎮鳳仁國民小學,應付代收款-午餐專戶,5.0,5.0,5.0,0.0,0.0,0.0,0.0,0.0,0.0
10611,花蓮縣鳳林鎮鳳林國民小學,應付代收款-其他-表演演出費,4726.0,4726.0,4726.0,0.0,0.0,0.0,0.0,0.0,0.0
10620,花蓮縣鳳林鎮鳳林國民小學,應付代收款-其他政府機關委託補助-鳳林鎮公所-客家文化節踩街比賽獎金,18468.0,18468.0,18468.0,0.0,0.0,0.0,0.0,0.0,0.0
10621,花蓮縣鳳林鎮鳳林國民小學,應付代收款-其他政府機關委託補助-鳳林鎮公所-快樂鬧天穿活動表演費,8785.0,8785.0,8785.0,0.0,0.0,0.0,0.0,0.0,0.0
10622,花蓮縣鳳林鎮鳳林國民小學,應付代收款-其他政府機關委託補助-鳳林鎮公所-文化活動,14076.0,11836.0,11836.0,2240.0,0.0,0.0,0.1591361182154021,0.0,0.0
10625,花蓮縣鳳林鎮鳳林國民小學,應付代收款-午餐專戶-利息收入,162.0,406.0,505.0,0.0,0.0,0.0,0.0,0.0,0.0
10631,花蓮縣鳳林鎮鳳林國民小學,應付代收款-合作社-交易分配金,1769.0,2048.0,2209.0,0.0,0.0,0.0,0.0,0.0,0.0
10632,花蓮縣鳳林鎮鳳林國民小學,應付代收款-合作社-合作社公積金,51362.0,51362.0,51362.0,0.0,0.0,0.0,0.0,0.0,0.0
10633,花蓮縣鳳林鎮鳳林國民小學,應付代收款-合作社-員生消費盈餘,243788.0,243788.0,243788.0,0.0,0.0,0.0,0.0,0.0,0.0
10634,花蓮縣鳳林鎮鳳林國民小學,應付代收款-合作社-股息,120.0,180.0,264.0,0.0,0.0,0.0,0.0,0.0,0.0
